"id","name"
"1","flare"
"2","analytics"
"3","cluster"
"4","AgglomerativeCluster"
"5","CommunityStructure"
"6","HierarchicalCluster"
"7","MergeEdge"
"8","graph"
"9","BetweennessCentrality"
"10","LinkDistance"
"11","MaxFlowMinCut"
"12","ShortestPaths"
"13","SpanningTree"
"14","optimization"
"15","AspectRatioBanker"
"16","animate"
"17","Easing"
"18","FunctionSequence"
"19","interpolate"
"20","ArrayInterpolator"
"21","ColorInterpolator"
"22","DateInterpolator"
"23","Interpolator"
"24","MatrixInterpolator"
"25","NumberInterpolator"
"26","ObjectInterpolator"
"27","PointInterpolator"
"28","RectangleInterpolator"
"29","ISchedulable"
"30","Parallel"
"31","Pause"
"32","Scheduler"
"33","Sequence"
"34","Transition"
"35","Transitioner"
"36","TransitionEvent"
"37","Tween"
"38","data"
"39","converters"
"40","Converters"
"41","DelimitedTextConverter"
"42","GraphMLConverter"
"43","IDataConverter"
"44","JSONConverter"
"45","DataField"
"46","DataSchema"
"47","DataSet"
"48","DataSource"
"49","DataTable"
"50","DataUtil"
"51","display"
"52","DirtySprite"
"53","LineSprite"
"54","RectSprite"
"55","TextSprite"
"56","flex"
"57","FlareVis"
"58","physics"
"59","DragForce"
"60","GravityForce"
"61","IForce"
"62","NBodyForce"
"63","Particle"
"64","Simulation"
"65","Spring"
"66","SpringForce"
"67","query"
"68","AggregateExpression"
"69","And"
"70","Arithmetic"
"71","Average"
"72","BinaryExpression"
"73","Comparison"
"74","CompositeExpression"
"75","Count"
"76","DateUtil"
"77","Distinct"
"78","Expression"
"79","ExpressionIterator"
"80","Fn"
"81","If"
"82","IsA"
"83","Literal"
"84","Match"
"85","Maximum"
"86","methods"
"87","add"
"88","and"
"89","average"
"90","count"
"91","distinct"
"92","div"
"93","eq"
"94","fn"
"95","gt"
"96","gte"
"97","iff"
"98","isa"
"99","lt"
"100","lte"
"101","max"
"102","min"
"103","mod"
"104","mul"
"105","neq"
"106","not"
"107","or"
"108","orderby"
"109","range"
"110","select"
"111","stddev"
"112","sub"
"113","sum"
"114","update"
"115","variance"
"116","where"
"117","xor"
"118","_"
"119","Minimum"
"120","Not"
"121","Or"
"122","Query"
"123","Range"
"124","StringUtil"
"125","Sum"
"126","Variable"
"127","Variance"
"128","Xor"
"129","scale"
"130","IScaleMap"
"131","LinearScale"
"132","LogScale"
"133","OrdinalScale"
"134","QuantileScale"
"135","QuantitativeScale"
"136","RootScale"
"137","Scale"
"138","ScaleType"
"139","TimeScale"
"140","util"
"141","Arrays"
"142","Colors"
"143","Dates"
"144","Displays"
"145","Filter"
"146","Geometry"
"147","heap"
"148","FibonacciHeap"
"149","HeapNode"
"150","IEvaluable"
"151","IPredicate"
"152","IValueProxy"
"153","math"
"154","DenseMatrix"
"155","IMatrix"
"156","SparseMatrix"
"157","Maths"
"158","Orientation"
"159","palette"
"160","ColorPalette"
"161","Palette"
"162","ShapePalette"
"163","SizePalette"
"164","Property"
"165","Shapes"
"166","Sort"
"167","Stats"
"168","Strings"
"169","vis"
"170","axis"
"171","Axes"
"172","Axis"
"173","AxisGridLine"
"174","AxisLabel"
"175","CartesianAxes"
"176","controls"
"177","AnchorControl"
"178","ClickControl"
"179","Control"
"180","ControlList"
"181","DragControl"
"182","ExpandControl"
"183","HoverControl"
"184","IControl"
"185","PanZoomControl"
"186","SelectionControl"
"187","TooltipControl"
"188","data"
"189","Data"
"190","DataList"
"191","DataSprite"
"192","EdgeSprite"
"193","NodeSprite"
"194","render"
"195","ArrowType"
"196","EdgeRenderer"
"197","IRenderer"
"198","ShapeRenderer"
"199","ScaleBinding"
"200","Tree"
"201","TreeBuilder"
"202","events"
"203","DataEvent"
"204","SelectionEvent"
"205","TooltipEvent"
"206","VisualizationEvent"
"207","legend"
"208","Legend"
"209","LegendItem"
"210","LegendRange"
"211","operator"
"212","distortion"
"213","BifocalDistortion"
"214","Distortion"
"215","FisheyeDistortion"
"216","encoder"
"217","ColorEncoder"
"218","Encoder"
"219","PropertyEncoder"
"220","ShapeEncoder"
"221","SizeEncoder"
"222","filter"
"223","FisheyeTreeFilter"
"224","GraphDistanceFilter"
"225","VisibilityFilter"
"226","IOperator"
"227","label"
"228","Labeler"
"229","RadialLabeler"
"230","StackedAreaLabeler"
"231","layout"
"232","AxisLayout"
"233","BundledEdgeRouter"
"234","CircleLayout"
"235","CirclePackingLayout"
"236","DendrogramLayout"
"237","ForceDirectedLayout"
"238","IcicleTreeLayout"
"239","IndentedTreeLayout"
"240","Layout"
"241","NodeLinkTreeLayout"
"242","PieLayout"
"243","RadialTreeLayout"
"244","RandomLayout"
"245","StackedAreaLayout"
"246","TreeMapLayout"
"247","Operator"
"248","OperatorList"
"249","OperatorSequence"
"250","OperatorSwitch"
"251","SortOperator"
"252","Visualization"
