"Name","Rating","No of people Rated","Category","Date","Price"
"Dynamic Reader","3.5","268","Books","2014-07-01T00:00:00","Free"
"Chemistry, Organic Chemistry and Biochemistry-simpleNeasyApp by WAGmob","3","627","Books","2014-08-01T00:00:00","Free"
"BookViewer","3.5","593","Books","2016-02-29T00:00:00","Free"
"Brick Instructions","3.5","684","Books","2018-01-30T00:00:00","Free"
"Introduction to Python Programming by GoLearningBus","2","634","Books","2018-01-30T00:00:00","Free"
"Gurbani Reader","4.5","399","Books","2017-01-18T00:00:00","Free"
"NFO Viewer","4.5","566","Books","2012-11-13T00:00:00","Free"
"Text to Speech TTS","3","175","Books","2013-10-17T00:00:00","Free"
"ACK Comics","4","460","Books","2012-12-20T00:00:00","Free"
"Learn Biology and Human Body Anatomy by GoLearningBus","3.5","363","Books","2013-11-25T00:00:00","Free"
"Coding Made Easy - SQL","4","774","Books","2018-01-30T00:00:00","Free"
"Baani : Nitnem","4","533","Books","2014-08-29T00:00:00","Free"
"iMac® 101","4","707","Books","2014-03-28T00:00:00","Free"
"Complete C Programs","4","687","Books","2012-07-12T00:00:00","Free"
"Historical Places in India","4.5","825","Books","2018-02-18T00:00:00","Free"
"NCERT Grade 11 Chemistry via Videos by GoLearningBus","3.5","147","Books","2015-12-05T00:00:00","Free"
"IPC sections","1","931","Books","2016-11-07T00:00:00","Free"
"Wikini for Wikipedia","4.5","387","Books","2017-01-16T00:00:00","Free"
"Biology Lingo","4","830","Books","2013-07-05T00:00:00","Free"
"Comix","4","504","Books","2012-10-09T00:00:00","Free"
"GRE Vocabulary Lists - Collection","4.5","224","Books","2019-02-05T00:00:00","Free"
"Quran Word By Word","4","728","Books","2016-05-02T00:00:00","Free"
"Flip CB Reader","2.5","905","Books","2015-10-22T00:00:00","Free"
"WikiMed","4.5","779","Books","2018-01-29T00:00:00","Free"
"BIG Book Of Shortcuts","4.5","295","Books","2013-08-14T00:00:00","Free"
"My Shelf","3","202","Books","2014-02-11T00:00:00","Free"
"MyeBooks","2.5","872","Books","2013-02-23T00:00:00","Free"
"Just Origami","3.5","975","Books","2012-09-28T00:00:00","Free"
"English-Bangla Dictionary[UWP]","4.5","151","Books","2017-10-21T00:00:00","Free"
"Comics World","3","459","Books","2017-08-05T00:00:00","Free"
"Chambers English Dictionaries","3.5","650","Books","2015-01-09T00:00:00","Free"
"NCERT Grade 12 Physics via Videos by GoLearningBus","3.5","645","Books","2015-08-05T00:00:00","Free"
"Al-Quran Tajwid","4","670","Books","2015-11-04T00:00:00","Free"
"Crafting Planner","3","992","Books","2016-10-31T00:00:00","Free"
"Jalees Reader","3.5","355","Books","2016-01-26T00:00:00","Free"
"Qaida","4.5","423","Books","2017-05-01T00:00:00","Free"
"Common Core Math by GoLearningBus","3","425","Books","2018-01-30T00:00:00","Free"
"திருக்குறள்","4.5","188","Books","2013-01-24T00:00:00","Free"
"Keyboard Shortcuts for MS Office 2013-simpleNeasyApp by WAGmob","4","808","Books","2014-01-24T00:00:00","Free"
"Computer Science, MIS and Networking-simpleNeasyApp by WAGmob","3","402","Books","2014-08-01T00:00:00","Free"
"Guide to Complete Yoga","3","554","Books","2016-12-19T00:00:00","Free"
"Free Bible App","4.5","451","Books","2015-09-03T00:00:00","Free"
"Dhur Ki Bani","2.5","311","Books","2016-09-02T00:00:00","Free"
"OdiloApp","3","221","Books","2017-10-20T00:00:00","Free"
"NCERT Grade 12 Biology via Videos by GoLearningBus","2.5","131","Books","2015-08-05T00:00:00","Free"
"NCERT Grade 11 Physics via Videos by GoLearningBus","3.5","550","Books","2015-11-05T00:00:00","Free"
"Mathematics Toolkit","4","692","Books","2016-05-08T00:00:00","Free"
"Translate with dict.cc","4","664","Books","2016-02-08T00:00:00","Free"
"LEGO® Dimensions™ Abilities Guide","3.5","338","Books","2017-08-02T00:00:00","Free"
"LightReader","4.5","150","Books","2016-01-20T00:00:00","Free"
"C/C++ Solved Programs","4","232","Books","2017-11-30T00:00:00","Free"
"EGW Writings","4.5","830","Books","2014-04-06T00:00:00","Free"
"Learn English Vocabulary by WAGmob","2.5","419","Books","2013-07-26T00:00:00","Free"
"Bird Calls - Free : 4500+ Bird Sounds, Bird Songs, Bird Identification & Bird Guide","3.5","307","Books","2014-08-28T00:00:00","Free"
"WebNovelReader","2.5","661","Books","2016-06-24T00:00:00","Free"
"Fighter Jets Of The World","3","907","Books","2016-01-25T00:00:00","Free"
"Q PDF Pages","4","748","Books","2015-11-16T00:00:00","Free"
"Easy Typing Practice in 1 Day","5","534","Books","2020-05-27T00:00:00","Free"
"பொன்னியின் செல்வன்","4.5","593","Books","2013-01-08T00:00:00","Free"
"The Holy Quran PRO","4.5","606","Books","2016-04-05T00:00:00","Free"
"Got Questions?","4.5","371","Books","2014-07-18T00:00:00","Free"
"eXplore Visio","3","845","Books","2014-10-06T00:00:00","Free"
"Learn C Programming and Data Structure by GoLearningBus","3.5","593","Books","2014-01-28T00:00:00","Free"
"RReader","4","492","Books","2018-09-07T00:00:00","Free"
"Learn Telugu via Videos","3.5","859","Books","2018-01-30T00:00:00","Free"
"Games with Gold","3","501","Books","2015-04-27T00:00:00","Free"
"Telugu Calendar - తెలుగు కాలమానము","3","860","Books","2016-07-05T00:00:00","Free"
"Dragon ball Ebook","4.5","606","Books","2015-08-10T00:00:00","Free"
"Star Maker ebook","4.5","985","Books","2017-04-28T00:00:00","Free"
"Comic 4ever","4","685","Books","2017-07-07T00:00:00","Free"
"NeeView","4.5","797","Books","2017-07-28T00:00:00","Free"
"NCERT Grade 11 Math via Videos by GoLearningBus","3.5","973","Books","2015-05-16T00:00:00","Free"
"NCERT Grade 12 Chemistry via Videos by GoLearningBus","3.5","466","Books","2015-05-14T00:00:00","Free"
"Learn Xcode 101 by WAGmob","5","864","Books","2013-01-03T00:00:00","Free"
"Thirukural","4.5","574","Books","2014-09-01T00:00:00","Free"
"The Complete Sherlock Holmes - Free","4","546","Books","2013-03-14T00:00:00","Free"
"Chinese English Dictionary","3.5","183","Books","2012-11-20T00:00:00","Free"
"PHP Pro Quick Guide FREE","3.5","196","Books","2018-11-27T00:00:00","Free"
"ASTRO TOOLS FOR ASTROLOGERS","2.5","655","Books","2019-07-19T00:00:00","Free"
"NCERT Grade 12 Math via Videos by GoLearningBus","3","900","Books","2015-08-05T00:00:00","Free"
"Gadget Guru Pro","4","638","Books","2016-12-08T00:00:00","Free"
"Hindi Calendar - हिंदी पंचांग","3.5","598","Books","2017-01-11T00:00:00","Free"
"Comics Planet","4.5","688","Books","2017-10-16T00:00:00","Free"
"Kiwix JS","4.5","866","Books","2017-11-28T00:00:00","Free"
"Archive Track Reader","3.5","238","Books","2017-01-04T00:00:00","Free"
"A Romance Novel by Jane Austen","5","908","Books","2017-08-18T00:00:00","Free"
"Learn Bhim App","5","134","Books","2017-04-05T00:00:00","Free"
"eLibrary Access","3.5","416","Books","2015-06-23T00:00:00","Free"
"Electronics and Digital Electronics-simpleNeasyApp by WAGmob","3.5","749","Books","2014-06-01T00:00:00","Free"
"Learn Java Programming via Videos by GoLearningBus","3.5","858","Books","2012-09-28T00:00:00","Free"
"Programming Languages by WAGmob","4","938","Books","2014-08-19T00:00:00","Free"
"French<>English Dictionary","3.5","186","Books","2014-07-30T00:00:00","Free"
"Vedic Library","4.5","554","Books","2013-01-03T00:00:00","Free"
"comic Z","3","119","Books","2018-07-26T00:00:00","Free"
"Java Aptitude","4","156","Books","2017-11-23T00:00:00","Free"
"Learn Malayalam via videos by GoLearningBus","2.5","566","Books","2018-01-30T00:00:00","Free"
"Bible - FREE!","4","485","Books","2015-10-03T00:00:00","Free"
"Crossword Dictionary","2","424","Books","2015-02-13T00:00:00","Free"
"How To Win Friends And Influence People Ebook","4","780","Books","2015-09-16T00:00:00","Free"
"Lumia FAQ","4.5","181","Books","2015-09-16T00:00:00","Free"
"Backwards Compatible Games Guide","4","161","Books","2015-11-13T00:00:00","Free"
"Storyboard Animations","2","554","Books","2015-02-05T00:00:00","Free"
"Manupatra for Windows","4","225","Books","2015-05-14T00:00:00","Free"
"Bookviser Preview","4","585","Books","2016-02-12T00:00:00","Free"
"PDFviewer","2.5","709","Books","2016-11-14T00:00:00","Free"
"MC Guides and Videos","4","574","Books","2016-06-27T00:00:00","Free"
"Snapplify","3.5","955","Books","2017-08-25T00:00:00","Free"
"Golden Dict","4.5","399","Books","2019-08-07T00:00:00","Free"
"Librarium","4","920","Books","2017-07-09T00:00:00","Free"
"Learn Larivaar","5","841","Books","2016-06-12T00:00:00","Free"
"storytelling","4","318","Books","2015-04-06T00:00:00","Free"
"audio bible","4","583","Books","2013-06-28T00:00:00","Free"
"Best Dictionary","4","836","Books","2014-07-01T00:00:00","Free"
"محفظ الوحيين","4.5","628","Books","2014-06-23T00:00:00","Free"
"The Messier Catalog","4.5","923","Books","2012-11-29T00:00:00","Free"
"Learn Agricultural Engineering by GoLearningBus","5","735","Books","2013-04-01T00:00:00","Free"
"Collection of Windows Startup Sounds","4.5","761","Books","2014-03-06T00:00:00","Free"
"English<>German Dictionary","3.5","143","Books","2014-07-18T00:00:00","Free"
"Korean<>English Dictionary","4","577","Books","2014-01-08T00:00:00","Free"
"How To Do","3.5","820","Books","2015-04-05T00:00:00","Free"
"Gospel Library","4.5","524","Books","2011-12-05T00:00:00","Free"
"Roxio MediaBook Reader","3","426","Books","2012-08-08T00:00:00","Free"
"The Hunger Games","4","814","Books","2013-07-23T00:00:00","Free"
"Art of War","4","159","Books","2012-10-17T00:00:00","Free"
"Muslim Suite Pro","4","885","Books","2012-12-13T00:00:00","Free"
"Chat Fiction","4.5","755","Books","2018-07-23T00:00:00","Free"
"Learn Tamil via videos by GoLearningBus","4.5","770","Books","2018-01-30T00:00:00","Free"
"Learn Japanese via videos by GoLearningBus","3","561","Books","2018-01-30T00:00:00","Free"
"English-French Dictionary And Phrasebook","3.5","126","Books","2013-07-08T00:00:00","Free"
"Periodic Table","4.5","907","Books","2011-02-19T00:00:00","Free"
"The Art of War","4","931","Books","2013-03-16T00:00:00","Free"
"Daily Prayer","4","851","Books","2014-07-01T00:00:00","Free"
"Kerbal Wiki and News","4","248","Books","2014-07-05T00:00:00","Free"
"eSentral","2.5","506","Books","2015-01-22T00:00:00","Free"
"Better Reads","3.5","287","Books","2015-06-27T00:00:00","Free"
"EA Access Vault Guide","3.5","789","Books","2015-06-13T00:00:00","Free"
"Cosmogony","4","968","Books","2015-09-15T00:00:00","Free"
"The 99 Names Of ALLAH","5","862","Books","2015-09-23T00:00:00","Free"
"Analyze Quran","5","867","Books","2016-04-07T00:00:00","Free"
"Chanakya's eight things","5","639","Books","2016-07-15T00:00:00","Free"
"Deaf Bible","5","100","Books","2016-04-08T00:00:00","Free"
"Bible Mate 10","3.5","674","Books","2016-06-02T00:00:00","Free"
"Perfect Pad","4.5","524","Books","2015-10-30T00:00:00","Free"
"Catholic Bible Revised Edition","3.5","542","Books","2016-07-01T00:00:00","Free"
"DrugRef","2.5","345","Books","2019-12-02T00:00:00","Free"
"Udaan '17","5","704","Books","2017-03-14T00:00:00","Free"
"Book Board 2","3","904","Books","2018-03-14T00:00:00","Free"
"Holy Bible Study And Learn","5","163","Books","2020-04-14T00:00:00","Free"
"Rainbow Six Guidebook","4.5","175","Books","2018-05-24T00:00:00","Free"
"Past Tenses","5","722","Books","2019-01-28T00:00:00","Free"
"Learn Swift, Java and Computer Science by GoLearningBus","5","662","Books","2015-05-14T00:00:00","Free"
"AudioBible","4","301","Books","2014-09-29T00:00:00","Free"
"Chetan Bhagat Series","3.5","747","Books","2013-06-03T00:00:00","Free"
"Operating System 101 by WAGmob","5","533","Books","2013-02-09T00:00:00","Free"
"Simple Book Reader","2","861","Books","2013-04-18T00:00:00","Free"
"Terraria Wiki","3.5","950","Books","2012-08-12T00:00:00","Free"
"God's Sword","4","997","Books","2013-10-25T00:00:00","Free"
"Grade 10 Math by WAGmob","5","307","Books","2012-12-20T00:00:00","Free"
"Grade 10 by WAGmob","5","319","Books","2013-01-02T00:00:00","Free"
"Charmap","2.5","850","Books","2012-11-30T00:00:00","Free"
"Dua Explorer","4.5","324","Books","2014-08-25T00:00:00","Free"
"The Quotes","4","587","Books","2013-01-15T00:00:00","Free"
"Computer Arts","3.5","149","Books","2014-10-03T00:00:00","Free"
"Bible King James Version","3.5","396","Books","2013-11-25T00:00:00","Free"
"iFixit: Repair Manual","3.5","464","Books","2013-10-12T00:00:00","Free"
"Life in Jesus Christ","4.5","146","Books","2013-12-24T00:00:00","Free"
"Ebooks Library","5","941","Books","2020-12-06T00:00:00","Free"
"The rulers of countries","3.5","591","Books","2018-04-20T00:00:00","Free"
"Al-Quran Visual Impairment","4.5","690","Books","2017-12-25T00:00:00","Free"
"Treeder","5","578","Books","2017-07-16T00:00:00","Free"
"Birds & Animals","4.5","722","Books","2018-09-02T00:00:00","Free"
"IHL - International Humanitarian Law","5","707","Books","2019-11-20T00:00:00","Free"
"KAUZ","3.5","900","Books","2017-02-13T00:00:00","Free"
"Learn Hebrew via videos by GoLearningBus","2.5","987","Books","2018-01-30T00:00:00","Free"
"FAST by Airbus","3.5","884","Books","2015-02-28T00:00:00","Free"
"Geographical Magazine","4.5","505","Books","2017-10-30T00:00:00","Free"
"Osho","4.5","670","Books","2015-02-14T00:00:00","Free"
"Tweeter Bird Sounds","4.5","582","Books","2014-12-13T00:00:00","Free"
"Introduction to PMP & Project Management via Videos by GoLearningBus","4","121","Books","2014-09-12T00:00:00","Free"
"All God Chalisa","5","846","Books","2015-07-20T00:00:00","Free"
"Penana","4.5","803","Books","2015-12-08T00:00:00","Free"
"Holy Bible Verses","5","311","Books","2015-09-14T00:00:00","Free"
"Knowing Odisha","3.5","609","Books","2015-06-25T00:00:00","Free"
"V-Smart","4","448","Books","2015-07-16T00:00:00","Free"
"Learn HTML5 and CSS by GoLearningBus","4.5","151","Books","2015-08-05T00:00:00","Free"
"Learn English Writing and Spelling by GoLearningBus","3","197","Books","2015-04-30T00:00:00","Free"
"Swiss Phone Book by local.ch","4","108","Books","2016-03-14T00:00:00","Free"
"WordReference Wrap","4.5","719","Books","2016-10-03T00:00:00","Free"
"Religious of World","1","186","Books","2016-04-26T00:00:00","Free"
"Adventist Hymnal","4","188","Books","2016-02-14T00:00:00","Free"
"IELTS in Taiwan and Around the World","4.5","467","Books","2016-01-14T00:00:00","Free"
"கிறிஸ்தவ பாமாலைகள்","4.5","751","Books","2018-01-30T00:00:00","Free"
"SEVEN WONDERS IN THE WORLD.","5","869","Books","2018-09-04T00:00:00","Free"
"Nexstgo Software Updater User Guide","4.5","809","Books","2017-08-11T00:00:00","Free"
"Web API for Google Maps Quick Guide FREE","2","927","Books","2018-11-21T00:00:00","Free"
"Stories of Birbal","4.5","163","Books","2016-12-13T00:00:00","Free"
"AngularJS Pro Quick Guide FREE","5","235","Books","2018-11-27T00:00:00","Free"
"BookE","1.5","436","Books","2017-10-02T00:00:00","Free"
"Solibry","3","461","Books","2017-06-13T00:00:00","Free"
"Al Diwan","3","448","Books","2017-04-26T00:00:00","Free"
"Free Chat Stories","4","307","Books","2018-04-19T00:00:00","Free"
"OneSync Reader","4","222","Books","2018-03-30T00:00:00","Free"
"Sherlock Story","2.5","757","Books","2014-06-11T00:00:00","Free"
"Learn PHP and JavaScript by GoLearningBus","4.5","521","Books","2015-05-14T00:00:00","Free"
"சிவகாமியின் சபதம்","4.5","413","Books","2014-12-30T00:00:00","Free"
"History of Video Games","3","515","Books","2013-01-21T00:00:00","Free"
"The Last Apprentice - Revenge of the Witch","4.5","390","Books","2013-12-19T00:00:00","Free"
"Big Data and Hadoop by WAGmob","4","398","Books","2013-02-08T00:00:00","Free"
"Introduction to Swift Programming and Computer Science","4","660","Books","2014-07-16T00:00:00","Free"
"Meditation For Peace","4.5","648","Books","2013-01-08T00:00:00","Free"
"AirForces Monthly Magazine","4.5","634","Books","2014-03-19T00:00:00","Free"
"PC Pilot","3","119","Books","2014-03-19T00:00:00","Free"
"The Plex Solution - a novel","3.5","195","Books","2014-05-15T00:00:00","Free"
"Grade 10 Biology by WAGmob","5","145","Books","2012-12-26T00:00:00","Free"
"Raspberry Pi by WAGmob","2.5","940","Books","2013-07-10T00:00:00","Free"
"Learn Botany and Zoology by GoLearningBus","3.5","905","Books","2013-11-29T00:00:00","Free"
"Learn Photoshop 101 by WAGmob","4","109","Books","2012-10-31T00:00:00","Free"
"Learn MBA and Accounting by GoLearningBus","2.5","249","Books","2014-08-01T00:00:00","Free"
"Sewing World","2.5","520","Books","2014-06-30T00:00:00","Free"
"Making","3","854","Books","2014-10-03T00:00:00","Free"
"Home Cinema Choice","2.5","587","Books","2014-10-03T00:00:00","Free"
"Furniture & Cabinetmaking","2","439","Books","2014-10-03T00:00:00","Free"
"Garage Tanks Inspection","3.5","958","Books","2014-11-10T00:00:00","Free"
"Slovoed dictionaries","3","136","Books","2014-12-11T00:00:00","Free"
"THE READING CORNER","3","908","Books","2014-09-06T00:00:00","Free"
"Stories For Kids UWP","4.5","458","Books","2014-08-21T00:00:00","Free"
"Natural Secrets","4.5","119","Books","2014-08-25T00:00:00","Free"
"Russian<>English Dictionary","4","284","Books","2014-07-31T00:00:00","Free"
"Thai<>English Dictionary","4","492","Books","2014-01-08T00:00:00","Free"
"Spanish<>English Dictionary","4","480","Books","2014-07-30T00:00:00","Free"
"Anatomy Lingo","3.5","818","Books","2013-04-26T00:00:00","Free"
"Avvaiyar Poems","4.5","985","Books","2013-04-06T00:00:00","Free"
"Daily Bread","4.5","149","Books","2011-03-30T00:00:00","Free"
"wiBook","3","151","Books","2014-03-09T00:00:00","Free"
"Persian Poet","3.5","215","Books","2017-03-25T00:00:00","Free"
"Prayer Assistant - A Catholic Prayer Companion","5","295","Books","2018-07-16T00:00:00","Free"
"Memoirs of Sherlock Holmes book","4","179","Books","2017-05-22T00:00:00","Free"
"Comic Land","4","998","Books","2017-10-26T00:00:00","Free"
"Regex Pro Quick Guide FREE","5","378","Books","2018-11-21T00:00:00","Free"
"Bible Moments","3.5","361","Books","2017-04-12T00:00:00","Free"
"Laws Of Power","4.5","233","Books","2017-07-07T00:00:00","Free"
"Roman Numerals X","5","822","Books","2017-12-21T00:00:00","Free"
"My Collections: Dimensions Ed.","5","457","Books","2016-12-16T00:00:00","Free"
"Companion for Anthem","3","449","Books","2019-01-30T00:00:00","Free"
"Learn Persian via Videos by GoLearningBus","3","240","Books","2018-01-30T00:00:00","Free"
"Learn Thai via videos by GoLearningBus","2.5","320","Books","2015-08-04T00:00:00","Free"
"Learn Chinese via videos by GoLearningBus","2.5","490","Books","2018-01-30T00:00:00","Free"
"Easy Dictionary","4","725","Books","2015-09-04T00:00:00","Free"
"SAT Math and English by GoLearningBus","4","144","Books","2015-02-03T00:00:00","Free"
"English-German Dictionary And Phrasebook","4","617","Books","2013-11-27T00:00:00","Free"
"Radiology Tutor","4.5","809","Books","2013-05-15T00:00:00","Free"
"Search Quran 10","4","920","Books","2012-11-10T00:00:00","Free"
"Ask Sai","5","988","Books","2011-04-17T00:00:00","Free"
"The Word","4.5","930","Books","2012-01-18T00:00:00","Free"
"Learn French via Videos by GoLearningBus","3.5","510","Books","2018-01-30T00:00:00","Free"
"Countries Reference Book","2.5","439","Books","2015-07-22T00:00:00","Free"
"I Am Gifted So Are You Ebook","4.5","971","Books","2015-07-22T00:00:00","Free"
"The Master and Margarita","4","713","Books","2016-04-13T00:00:00","Free"
"Indian_Heritage","4.5","253","Books","2015-10-09T00:00:00","Free"
"char","5","225","Books","2018-01-30T00:00:00","Free"
"HMSEpub","1","648","Books","2018-01-30T00:00:00","Free"
"High School Math via Videos by GoLearningBus","4","755","Books","2015-08-05T00:00:00","Free"
"Feeds Syndicate","4","825","Books","2015-04-19T00:00:00","Free"
"LSGH Reader","3.5","374","Books","2015-04-27T00:00:00","Free"
"Books of the World","4","890","Books","2015-09-14T00:00:00","Free"
"ePlatform","3.5","705","Books","2015-01-05T00:00:00","Free"
"Moon Phases PRO","3.5","370","Books","2016-10-13T00:00:00","Free"
"Mafhoom Ul Quran","4.5","164","Books","2016-04-26T00:00:00","Free"
"Dex pentru Windows 10","4.5","187","Books","2016-04-18T00:00:00","Free"
"القران الكريم بدون انترنت","4.5","901","Books","2016-08-03T00:00:00","Free"
"Story Shelf","1","458","Books","2016-05-03T00:00:00","Free"
"MGU Engineering Syllabus","5","683","Books","2016-03-18T00:00:00","Free"
"Dictutor EN-HI","4","196","Books","2016-03-20T00:00:00","Free"
"Quoty","4","597","Books","2016-09-20T00:00:00","Free"
"Iota Reader","3","182","Books","2016-09-07T00:00:00","Free"
"Study formula","5","179","Books","2016-09-19T00:00:00","Free"
"அப்பாவி விஷ்ணு","3.5","504","Books","2016-04-09T00:00:00","Free"
"VivA-app: Aanlyn","4","958","Books","2016-03-08T00:00:00","Free"
"Lalita Sahasranama","5","308","Books","2016-08-08T00:00:00","Free"
"Internet Poetry","5","874","Books","2016-05-27T00:00:00","Free"
"Dictutor MULTI-HI","4.5","522","Books","2016-09-28T00:00:00","Free"
"XYZ Manga Reader","4","508","Books","2016-03-09T00:00:00","Free"
"Libros electrónicos Cervantes","4","353","Books","2016-10-17T00:00:00","Free"
"Quran Mobile","4.5","797","Books","2016-10-19T00:00:00","Free"
"ELEO","3","853","Books","2016-10-19T00:00:00","Free"
"2000 AD Comics featuring Judge Dredd","3","441","Books","2016-01-25T00:00:00","Free"
"IranDic","4.5","205","Books","2016-01-23T00:00:00","Free"
"XYZ Baka-Tsuki Reader","3.5","776","Books","2016-11-02T00:00:00","Free"
"Training For Google Cloud Compute Engine by GoLearningBus","3.5","333","Books","2016-02-19T00:00:00","Free"
"Jesus Hymns Tamil","5","163","Books","2016-04-02T00:00:00","Free"
"GoLearningBus by WAGmob","3.5","204","Books","2015-05-09T00:00:00","Free"
"Fishing Knots","4.5","823","Books","2016-01-02T00:00:00","Free"
"Kinetic Comic Reader","2","616","Books","2015-03-11T00:00:00","Free"
"精读圣经","5","922","Books","2016-01-19T00:00:00","Free"
"Poetry Pal","4.5","864","Books","2015-11-13T00:00:00","Free"
"CSI தமிழ் ஆராதனை","5","734","Books","2016-12-14T00:00:00","Free"
"Heartstone Cards","5","607","Books","2018-07-16T00:00:00","Free"
"The Xbox Handbook","5","867","Books","2018-05-25T00:00:00","Free"
"Frankenstein story","5","723","Books","2017-02-24T00:00:00","Free"
"Your Bible","5","600","Books","2016-12-14T00:00:00","Free"
"VBS Pro Quick Guide FREE","4.5","139","Books","2018-11-22T00:00:00","Free"
"Biblioteca Vodafone University","2","290","Books","2018-08-24T00:00:00","Free"
"MTGA Browser","5","185","Books","2019-03-18T00:00:00","Free"
"Top religious places in India","5","869","Books","2018-02-21T00:00:00","Free"
"The Time Machine by H. G. Wells","5","401","Books","2018-06-09T00:00:00","Free"
"EQTrace","5","768","Books","2019-01-02T00:00:00","Free"
"Paints","1","891","Books","2018-11-02T00:00:00","Free"
"Preserved Word Study Bible","5","776","Books","2018-10-25T00:00:00","Free"
"History of Gods","5","437","Books","2018-09-02T00:00:00","Free"
"The Empty House and Other Ghost","5","310","Books","2017-02-27T00:00:00","Free"
"The Call of the Wild, by Jack London","5","192","Books","2018-07-25T00:00:00","Free"
"Around the World in 80 days story","5","703","Books","2017-08-03T00:00:00","Free"
"Top 10 Deepest Oceans","5","343","Books","2018-02-22T00:00:00","Free"
"Freedium","5","462","Books","2020-05-05T00:00:00","Free"
"Story Girl","3","686","Books","2017-06-14T00:00:00","Free"
"RYA eBooks","3.5","382","Books","2017-12-22T00:00:00","Free"
"Anime Book Shelf","1","546","Books","2018-10-22T00:00:00","Free"
"Ghost Stories of an Antiquary","5","337","Books","2017-02-24T00:00:00","Free"
"Alice's Adventures in Wonderland, by Lewis Carroll","5","133","Books","2018-07-18T00:00:00","Free"
"TookBook","5","998","Books","2018-06-26T00:00:00","Free"
"Life Scriptures","4","157","Books","2017-02-06T00:00:00","Free"
"From the Earth to the Moon story","5","522","Books","2017-09-03T00:00:00","Free"
"Bible 300","4.5","836","Books","2018-02-26T00:00:00","Free"
"English Writing 101 by GoLearningBus","3.5","227","Books","2014-11-25T00:00:00","Free"
"Allahu Akbar","4.5","569","Books","2014-11-29T00:00:00","Free"
"பார்த்திபன் கனவு","4.5","994","Books","2015-03-01T00:00:00","Free"
"Posterpedia","4.5","631","Books","2012-09-18T00:00:00","Free"
"Tell me about...","4","793","Books","2012-09-20T00:00:00","Free"
"Mobile Sword","4","694","Books","2013-08-23T00:00:00","Free"
"Gospel Library Beta","4","990","Books","2014-05-18T00:00:00","Free"
"Virtual IPA Chart","4","108","Books","2014-05-21T00:00:00","Free"
"The Memoirs of Sherlock Holmes eBook","5","111","Books","2013-02-13T00:00:00","Free"
"Learn Zoology by WAGmob","3","542","Books","2012-07-11T00:00:00","Free"
"Learn Pre-Calculus and Calculus by GoLearningBus","2.5","383","Books","2014-01-24T00:00:00","Free"
"Learn COBOL Programming by GoLearningBus","1.5","798","Books","2012-02-11T00:00:00","Free"
"Grade 12 Biology by WAGmob","4","727","Books","2013-07-01T00:00:00","Free"
"4th Grade Math by WAGmob","2.5","928","Books","2012-11-28T00:00:00","Free"
"QuotesDaily","4.5","244","Books","2012-08-17T00:00:00","Free"
"Megatokyo","4","360","Books","2013-02-21T00:00:00","Free"
"Tamil One Page Story Lite","5","403","Books","2014-10-03T00:00:00","Free"
"Modern Railways","4","432","Books","2014-03-22T00:00:00","Free"
"Aviation News","2","986","Books","2014-03-22T00:00:00","Free"
"Airports of the World Magazine","4","289","Books","2014-03-22T00:00:00","Free"
"Langenscheidt Dictionaries","3","710","Books","2014-05-23T00:00:00","Free"
"Learn Automation Testing and Test Driven Development-simpleNeasyApp by WAGmob","2.5","891","Books","2014-01-13T00:00:00","Free"
"codeShow JavaScript","4","205","Books","2012-11-29T00:00:00","Free"
"Persian Dictionary","4.5","503","Books","2012-09-14T00:00:00","Free"
"Grade 9 Physics by WAGmob","2","965","Books","2013-03-01T00:00:00","Free"
"Learn PHP Programming by GoLearningBus","4.5","899","Books","2012-02-11T00:00:00","Free"
"Grade 8 English by WAGmob","5","181","Books","2012-11-26T00:00:00","Free"
"Biochemistry by WAGmob","2","829","Books","2012-10-26T00:00:00","Free"
"Visual Survival Guide by WAGmob","2","301","Books","2012-11-27T00:00:00","Free"
"Chemical Engineering by WAGmob","5","287","Books","2012-05-11T00:00:00","Free"
"Learn Stocks, Options and Real Estate Investment by WAGmob","3","996","Books","2013-08-28T00:00:00","Free"
"Grade 12 English by WAGmob","4","108","Books","2013-07-01T00:00:00","Free"
"KS2 -simpleNeasyApp by WAGmob","3","468","Books","2014-10-01T00:00:00","Free"
"Ruby On Rails-simpleNeasyApp by WAGmob","3","364","Books","2013-11-19T00:00:00","Free"
"Learn Data Structure by GoLearningBus","4","329","Books","2013-01-14T00:00:00","Free"
"Learn Django and Python by GoLearningBus","3","711","Books","2014-12-06T00:00:00","Free"
"PONS Wörterbuch Bibliothek","3","345","Books","2014-05-23T00:00:00","Free"
"Knitting","3","972","Books","2014-05-03T00:00:00","Free"
"Performance BMW","5","786","Books","2014-06-03T00:00:00","Free"
"Aeroplane Magazine","3.5","903","Books","2014-06-03T00:00:00","Free"
"Woodturning","2.5","307","Books","2014-06-03T00:00:00","Free"
"Model Airplane International","3.5","922","Books","2014-05-03T00:00:00","Free"
"Wayang","4","917","Books","2014-09-06T00:00:00","Free"
"Hymn World","4","976","Books","2013-10-01T00:00:00","Free"
"Doodle Calendar","3","106","Books","2012-12-14T00:00:00","Free"
"LWB Mobile","3.5","198","Books","2014-05-16T00:00:00","Free"
"Portuguese<>English Dictionary","3.5","195","Books","2014-07-31T00:00:00","Free"
"Latin<>English Dictionary","4","149","Books","2014-07-31T00:00:00","Free"
"It's 10 O'clock","3","513","Books","2013-12-30T00:00:00","Free"
"Chemistry Lingo","3","262","Books","2013-07-05T00:00:00","Free"
"My Daily Bread","4","730","Books","2013-02-12T00:00:00","Free"
"Catholic Daily Readings","4.5","799","Books","2012-10-05T00:00:00","Free"
"Quotes of Wisdom","3.5","965","Books","2012-10-22T00:00:00","Free"
"eBook Treasures","3.5","967","Books","2012-10-25T00:00:00","Free"
"人生必读100本书","5","369","Books","2020-03-17T00:00:00","Free"
"Tureng Dictionary","4.5","990","Books","2012-10-25T00:00:00","Free"
"爱读小说","4","915","Books","2016-11-28T00:00:00","Free"
"الاذكار","4.5","951","Books","2013-04-01T00:00:00","Free"
"Bahasa Dictionary","4.5","286","Books","2012-11-29T00:00:00","Free"
"Sesli Sözlük","4.5","528","Books","2015-01-19T00:00:00","Free"
"追书悦读","3.5","864","Books","2016-01-20T00:00:00","Free"
"الكتاب المقدس كامل","4.5","550","Books","2016-02-13T00:00:00","Free"
"Captain Tsubasa Ebook","4.5","515","Books","2015-12-10T00:00:00","Free"
"Brickbase","5","647","Books","2019-09-26T00:00:00","Free"
"Kamus Pro 8","3.5","406","Books","2013-12-10T00:00:00","Free"
"قورئانی پیرۆز","4.5","352","Books","2015-09-23T00:00:00","Free"
"search.ch","4","702","Books","2012-10-24T00:00:00","Free"
"VDA QMC eReader","2","831","Books","2016-03-19T00:00:00","Free"
"Bitcoin cloud mining service","3.5","354","Books","2018-04-24T00:00:00","Free"
"Santo Rosario","5","270","Books","2014-01-22T00:00:00","Free"
"مفاتيح الجنان","5","399","Books","2016-02-18T00:00:00","Free"
"BDEscolar","4","775","Books","2018-01-10T00:00:00","Free"
"freda-chinese","4","654","Books","2011-07-01T00:00:00","Free"
"Bible App","4.5","359","Books","2014-04-24T00:00:00","Free"
"Chants d'Esperance","4","193","Books","2014-08-18T00:00:00","Free"
"Study Bible Plus","3","548","Books","2017-11-14T00:00:00","Free"
"BookListener","4","489","Books","2017-01-08T00:00:00","Free"
"DeepDyve","5","750","Books","2018-05-14T00:00:00","Free"
"ובלכתך בדרך - On Your Way","4.5","623","Books","2015-08-22T00:00:00","Free"
"Sihala Dictionary","3.5","450","Books","2012-06-27T00:00:00","Free"
"IDW Comics","3","206","Books","2016-02-15T00:00:00","Free"
"Bibliotecas BA","2.5","437","Books","2018-11-12T00:00:00","Free"
"Bugko - Magic: The Gathering  Companion App","4.5","822","Books","2017-07-26T00:00:00","Free"
"Die Bibel","4","549","Books","2010-07-11T00:00:00","Free"
"Humbrol Paint Converter","4.5","995","Books","2013-08-21T00:00:00","Free"
"Yoshi game tips & tricks 2018","4.5","698","Books","2017-09-21T00:00:00","Free"
"鲁迅全集","5","594","Books","2020-11-03T00:00:00","Free"
"Citations 365","3","338","Books","2016-06-06T00:00:00","Free"
"rbook","5","723","Books","2019-12-30T00:00:00","Free"
"My Board Game Collection","3","826","Books","2018-12-24T00:00:00","Free"
"Biblia 10","4.5","897","Books","2018-05-29T00:00:00","Free"
"二十六史","5","247","Books","2020-10-03T00:00:00","Free"
"EthioCalendar","3.5","781","Books","2013-12-14T00:00:00","Free"
"Doka Manuals","5","420","Books","2018-06-13T00:00:00","Free"
"Learn Word 2013 by WAGmob","3.5","962","Books","2013-08-10T00:00:00","Free"
"Afrikaans<>English Dictionary","3.5","328","Books","2014-07-30T00:00:00","Free"
"Nigeria Constitution","4","966","Books","2015-02-20T00:00:00","Free"
"Tafheemulquran","4.5","495","Books","2016-02-22T00:00:00","Free"
"SC2 Helper","5","731","Books","2020-05-19T00:00:00","Free"
"NReader 2","3.5","889","Books","2013-12-19T00:00:00","Free"
"Daily Bible Reading","4.5","377","Books","2013-05-09T00:00:00","Free"
"Future Managers","3","127","Books","2015-06-29T00:00:00","Free"
"WoW Legion Guide","4.5","480","Books","2016-02-03T00:00:00","Free"
"道学经典","5","813","Books","2020-10-03T00:00:00","Free"
"Character Generator","2.5","117","Books","2017-04-23T00:00:00","Free"
"Opatija Reads","4","691","Books","2017-09-21T00:00:00","Free"
"Breeds of the world","2.5","595","Books","2018-04-25T00:00:00","Free"
"Bible For All","4","878","Books","2015-06-16T00:00:00","Free"
"Switch Games Guide","5","533","Books","2017-01-04T00:00:00","Free"
"Learn Biology and Microbiology by GoLearningBus","3","296","Books","2015-04-27T00:00:00","Free"
"Sneaking Helper","5","842","Books","2016-04-27T00:00:00","Free"
"DVL Touch","5","369","Books","2014-10-20T00:00:00","Free"
"مختصر أحكام التجويد","4.5","898","Books","2015-03-16T00:00:00","Free"
"UCAV Biblioteca","4","566","Books","2018-02-01T00:00:00","Free"
"Cell Tower","3.5","490","Books","2014-01-17T00:00:00","Free"
"Ulysses EBOOK","5","315","Books","2017-06-19T00:00:00","Free"
"Al Quran","5","633","Books","2019-12-20T00:00:00","Free"
"Ganjine","5","318","Books","2014-07-14T00:00:00","Free"
"Thai Dictionary","3.5","436","Books","2013-04-05T00:00:00","Free"
"Barron's Bilingual Dictionaries","4","245","Books","2015-07-29T00:00:00","Free"
"Inside Crochet","4","483","Books","2014-03-03T00:00:00","Free"
"Tagalog<>English Dictionary","4","682","Books","2014-01-08T00:00:00","Free"
"American Standard Bible","3.5","669","Books","2013-09-12T00:00:00","Free"
"Parables of Jesus Christ","4.5","738","Books","2013-07-10T00:00:00","Free"
"eBible Study","4","641","Books","2015-03-21T00:00:00","Free"
"Divina Misericordia","5","787","Books","2015-05-09T00:00:00","Free"
"Hi-Fi Plus","4.5","284","Books","2014-03-14T00:00:00","Free"
"Love Quotes -_+","3.5","262","Books","2015-05-04T00:00:00","Free"
"FreeCellSolverFree","3","378","Books","2016-08-04T00:00:00","Free"
"MayBook","4","975","Books","2018-01-30T00:00:00","Free"
"סידורון","4.5","356","Books","2016-01-19T00:00:00","Free"
"DLSZ E-Reader","3","766","Books","2018-02-22T00:00:00","Free"
"Holiday Every Day","4.5","996","Books","2015-02-24T00:00:00","Free"
"Prayer Timings","4","936","Books","2016-01-29T00:00:00","Free"
"Tengwar Touch","4.5","535","Books","2014-12-22T00:00:00","Free"
"Gymnastics Lingo","4","791","Books","2013-08-05T00:00:00","Free"
"Christian Orthodox Calendar","5","251","Books","2018-03-19T00:00:00","Free"
"Islam Explorer","4.5","787","Books","2015-06-22T00:00:00","Free"
"Book Hungama Book Reader","3.5","291","Books","2016-11-14T00:00:00","Free"
"Syncfusion Succinctly Series","5","595","Books","2019-09-05T00:00:00","Free"
"CopticSynaxarium","3.5","941","Books","2013-05-30T00:00:00","Free"
"Lac Viet Reader","3","530","Books","2012-12-11T00:00:00","Free"
"Chinese<>English Dictionary","3.5","290","Books","2014-08-25T00:00:00","Free"
"Hebrew<>English Dictionary","3.5","726","Books","2014-07-30T00:00:00","Free"
"Farsi<>English Dictionary","4","334","Books","2014-07-30T00:00:00","Free"
"Lexikon 2k Dictionaries","3","727","Books","2015-01-09T00:00:00","Free"
"BibliaMundi","1","601","Books","2017-01-11T00:00:00","Free"
"Ordboken Clue","1","666","Books","2018-07-21T00:00:00","Free"
"Udru<>English Dictionary","4","820","Books","2014-01-08T00:00:00","Free"
"CKJV Bible 英皇钦定本圣经","4.5","666","Books","2017-06-17T00:00:00","Free"
"DexOffline","4.5","660","Books","2018-09-07T00:00:00","Free"
"Bible Reading Schedule","3.5","407","Books","2018-05-02T00:00:00","Free"
"Learn SQL and MySQL by GoLearningBus","3","235","Books","2015-11-02T00:00:00","Free"
"Bible Universal","5","663","Books","2017-06-01T00:00:00","Free"
"Vietnamese<>English Dictionary","3.5","716","Books","2014-01-08T00:00:00","Free"
"Botany Lingo","5","736","Books","2013-07-05T00:00:00","Free"
"Learn Afrikaans via videos by GoLearningBus","2.5","291","Books","2018-01-30T00:00:00","Free"
"Shousetsu Reader","1","420","Books","2016-11-29T00:00:00","Free"
"Toko Buku Digital UT","3.5","599","Books","2016-03-28T00:00:00","Free"
"Nexstgo Backup And Recovery User Guide","4","572","Books","2017-11-13T00:00:00","Free"
"Lenovo Training Manual","2","480","Books","2017-08-18T00:00:00","Free"
"CIELO USAL","4","473","Books","2018-04-06T00:00:00","Free"
"Dota2 Hero Attributes Quick Check","5","347","Books","2013-12-06T00:00:00","Free"
"ImagineFX","3.5","987","Books","2014-10-03T00:00:00","Free"
"Catholic Hymnal","4.5","600","Books","2017-10-07T00:00:00","Free"
"Rain LGBT Comic","5","789","Books","2016-06-22T00:00:00","Free"
"MCU Guide","3.5","431","Books","2016-05-10T00:00:00","Free"
"中国历朝通俗演义","5","915","Books","2020-10-03T00:00:00","Free"
"CSS3 Pro Quick Guide FREE","3","244","Books","2018-11-26T00:00:00","Free"
"Japanese<>English Dictionary","3","266","Books","2014-07-31T00:00:00","Free"
"One Year Catholic Bible","4.5","530","Books","2014-03-04T00:00:00","Free"
"Comiralia","4","603","Books","2017-11-01T00:00:00","Free"
"Romeo and Juliet ebook","1","159","Books","2017-04-25T00:00:00","Free"
"BoI Helper","4.5","955","Books","2015-04-23T00:00:00","Free"
"Magyar Elektronikus Konyvtar","3.5","828","Books","2016-01-08T00:00:00","Free"
"Words of Buddha","5","920","Books","2017-01-30T00:00:00","Free"
"leoCMN","5","637","Books","2017-06-23T00:00:00","Free"
"Greek NewTestament","5","614","Books","2017-01-19T00:00:00","Free"
"HTML5 Pro Quick Guide FREE","5","866","Books","2018-11-26T00:00:00","Free"
"Satta Matka","4","683","Books","2017-06-27T00:00:00","Free"
"New Testament","5","905","Books","2017-08-29T00:00:00","Free"
"Word A Day","3","109","Books","2013-02-01T00:00:00","Free"
"Greek New Testament","4.5","366","Books","2014-05-10T00:00:00","Free"
"Dog Breeds","4.5","567","Books","2018-03-27T00:00:00","Free"
"BooksRead","3.5","154","Books","2017-06-15T00:00:00","Free"
"Let's Search! Japanese Dictionary","5","752","Books","2015-03-07T00:00:00","Free"
"Learn Dutch via videos by GoLearningBus","3.5","707","Books","2018-01-30T00:00:00","Free"
"OEC_medicinal plants","5","616","Books","2016-10-25T00:00:00","Free"
"Dimensions Guide","4.5","579","Books","2016-05-07T00:00:00","Free"
"Butterflies of Greece","4.5","970","Books","2017-10-01T00:00:00","Free"
"XML Pro Quick Guide FREE","5","766","Books","2018-11-21T00:00:00","Free"
"Grade 9 Math by WAGmob","4","814","Books","2012-10-12T00:00:00","Free"
"Learn SQL Programming by GoLearningBus","1","178","Books","2012-04-12T00:00:00","Free"
"Learn JavaScript by GoLearningBus","3","469","Books","2012-12-14T00:00:00","Free"
"Nuclear Radiation 101 by GoLearningBus","3","483","Books","2012-11-23T00:00:00","Free"
"ProManual","3.5","460","Books","2014-07-10T00:00:00","Free"
"MangaFly Beta","3","114","Books","2019-06-23T00:00:00","Free"
"SMaBiT manuals","3","169","Books","2017-02-27T00:00:00","Free"
"Lilith story","5","981","Books","2017-02-28T00:00:00","Free"
"Publizard","1","244","Books","2017-06-03T00:00:00","Free"
"Low German wordbook","4","354","Books","2015-05-03T00:00:00","Free"
"Learn Scratch Programming via Videos by GoLearningBus","3.5","575","Books","2014-12-17T00:00:00","Free"
"PM Processes","4","105","Books","2017-10-23T00:00:00","Free"
"Learn Swahili via videos by GoLearningBus","3","813","Books","2018-01-30T00:00:00","Free"
"Grade 12 Math by GoLearningBus","5","620","Books","2015-04-16T00:00:00","Free"
"Booxio","3","214","Books","2016-04-11T00:00:00","Free"
"SKN.sk player","1","882","Books","2016-10-16T00:00:00","Free"
"TEMPO Bookstore","1","218","Books","2018-01-30T00:00:00","Free"
"Forty rules of love","4","959","Books","2016-05-03T00:00:00","Free"
"The Gospel Booklet","3.5","355","Books","2016-08-02T00:00:00","Free"
"Humanitarian Standards Partnership App","5","705","Books","2017-09-14T00:00:00","Free"
"Feet and Inches Converter","1","659","Books","2018-01-30T00:00:00","Free"
"1987 PH Constitution","5","173","Books","2017-07-31T00:00:00","Free"
"Aircraft Registrations","2","268","Books","2016-12-19T00:00:00","Free"
"Musical Scales","5","342","Books","2017-03-31T00:00:00","Free"
"J-Novel Club Client","5","688","Books","2017-07-11T00:00:00","Free"
"JavaScript Pro Quick Guide FREE","5","965","Books","2018-11-26T00:00:00","Free"
"drComRead","3.5","437","Books","2017-07-25T00:00:00","Free"
"Biology by GoLearningBus","3.5","850","Books","2014-11-18T00:00:00","Free"
"Hungarian Namedays","4.5","866","Books","2011-03-10T00:00:00","Free"
"Word of Wisdom","4.5","454","Books","2013-03-04T00:00:00","Free"
"psalms","4.5","800","Books","2013-06-24T00:00:00","Free"
"Grade 8 Science by Wagmob","5","826","Books","2012-11-30T00:00:00","Free"
"Grade 8 Math by WAGmob","2","834","Books","2012-11-28T00:00:00","Free"
"One Year Bible","4.5","347","Books","2014-04-21T00:00:00","Free"
"BibleCalcs","3","589","Books","2019-05-16T00:00:00","Free"
"Scripturas","4.5","495","Books","2017-02-28T00:00:00","Free"
"Learn Vietnamese via Videos by GoLearningBus","1","828","Books","2018-01-30T00:00:00","Free"
"KS2 Math by GoLearningBus","3","883","Books","2015-09-02T00:00:00","Free"
"Turover Spanish dictionaries","2.5","439","Books","2015-07-05T00:00:00","Free"
"TAppFinder","3","703","Books","2016-04-14T00:00:00","Free"
"Sprint Prospecting","3","125","Books","2016-08-16T00:00:00","Free"
"Being Catholic","4","200","Books","2016-06-01T00:00:00","Free"
"BeheshtiJeorBangla","4.5","273","Books","2016-01-01T00:00:00","Free"
"theCambodias","5","812","Books","2016-02-15T00:00:00","Free"
"MoonStar","4.5","392","Books","2018-01-29T00:00:00","Free"
"Runes Formulas","5","964","Books","2019-07-25T00:00:00","Free"
"CDBS Facility Query","3","1000","Books","2016-06-12T00:00:00","Free"
"bega-elbe2","2","880","Books","2018-08-02T00:00:00","Free"
"Rammstein","3","123","Books","2017-05-10T00:00:00","Free"
"SVG Pro Quick Guide FREE","5","481","Books","2018-11-27T00:00:00","Free"
"ARO Product Park","5","745","Books","2018-11-05T00:00:00","Free"
"Алхимик","4","317","Books","2014-06-16T00:00:00","Free"
"Echo Comics","3","854","Books","2013-01-16T00:00:00","Free"
"Scripture Mastery","4","194","Books","2014-11-06T00:00:00","Free"
"Learn XML by WAGmob","5","958","Books","2013-09-23T00:00:00","Free"
"The Life and Adventures of Robinson Crusoe By Daniel Defoe","4.5","653","Books","2013-03-05T00:00:00","Free"
"Algebra and Vector Algebra-simpleNeasyApp by WAGmob","3","250","Books","2013-11-29T00:00:00","Free"
"Grade 6 English by WAGmob","2","836","Books","2012-05-11T00:00:00","Free"
"Grade 7 Science by WAGmob","3.5","855","Books","2012-11-19T00:00:00","Free"
"Grade 3 English by WAGmob","1","543","Books","2013-08-10T00:00:00","Free"
"911 & Porsche World","2.5","639","Books","2014-05-03T00:00:00","Free"
"MYJMK dictionaries","4","906","Books","2015-03-31T00:00:00","Free"
"NReader","2.5","124","Books","2013-10-01T00:00:00","Free"
"Dutch<>English Dictionary","3","150","Books","2014-07-31T00:00:00","Free"
"Centenary of Indian Cinema","5","254","Books","2013-07-25T00:00:00","Free"
"Kingdom Helper","3.5","960","Books","2013-10-04T00:00:00","Free"
"Indonesia Furniture","5","853","Books","2016-12-13T00:00:00","Free"
"Iliad of Homer","3.5","324","Books","2017-05-16T00:00:00","Free"
"Learn Word by GoLearningBus","5","267","Books","2015-03-20T00:00:00","Free"
"KS2 Science by GoLearningBus","5","399","Books","2015-09-02T00:00:00","Free"
"Words of Light","4","785","Books","2011-07-15T00:00:00","Free"
"عقائدنا","4","737","Books","2015-01-21T00:00:00","Free"
"Priesthood Ordinances and Blessings","5","233","Books","2015-03-10T00:00:00","Free"
"Tagalog via videos by GoLearningBus","2","875","Books","2018-01-30T00:00:00","Free"
"கந்தர் அலங்காரம்","5","835","Books","2015-04-23T00:00:00","Free"
"Learn Nepali via videos by GoLearningBus","2.5","362","Books","2018-01-30T00:00:00","Free"
"Bible","4.5","429","Books","2016-04-11T00:00:00","Free"
"词轩","5","439","Books","2016-01-04T00:00:00","Free"
"USP Catalog","5","244","Books","2016-07-07T00:00:00","Free"
"KeenSee Bible","4.5","760","Books","2016-05-24T00:00:00","Free"
"League Handbook","5","813","Books","2016-05-16T00:00:00","Free"
"A_Tale_of_Two_Cities_Ebook","4","212","Books","2015-10-26T00:00:00","Free"
"Bible Times","5","854","Books","2015-11-16T00:00:00","Free"
"Manga4you","4","847","Books","2018-02-16T00:00:00","Free"
"LaParola","4.5","259","Books","2018-12-31T00:00:00","Free"
"The Adventures of Sherlock Holm","5","688","Books","2017-09-05T00:00:00","Free"
"Secrets of Radar, by Roy J. Snell","5","210","Books","2019-01-28T00:00:00","Free"
"The Secret Agent - A Simple Tale, by Joseph Conrad","5","493","Books","2018-10-07T00:00:00","Free"
"NETCoreAlphabet","4.5","376","Books","2019-03-28T00:00:00","Free"
"Peter Pan ebook","5","203","Books","2017-04-25T00:00:00","Free"
"HighwayCode-bbi","5","344","Books","2017-03-17T00:00:00","Free"
"საღმრთო წიგნი","5","489","Books","2017-05-10T00:00:00","Free"
"JSON Pro Quick Guide FREE","5","877","Books","2018-11-16T00:00:00","Free"
"مكتبة أبو الهدى","5","633","Books","2014-10-24T00:00:00","Free"
"MySimpleDiary","3.5","128","Books","2015-05-02T00:00:00","Free"
"Computer Group Newsletters","4","473","Books","2012-12-12T00:00:00","Free"
"jQuery Manual","4.5","525","Books","2012-11-28T00:00:00","Free"
"The Wonderful Wizard of Oz eBook","4","534","Books","2013-04-02T00:00:00","Free"
"The Lost World eBook","2.5","346","Books","2013-01-02T00:00:00","Free"
"Stylin' Paracord","5","851","Books","2014-03-21T00:00:00","Free"
"10 Love Poems","4","402","Books","2013-04-12T00:00:00","Free"
"Grade 5 by WAGmob","4","334","Books","2013-02-01T00:00:00","Free"
"Rumble Radar","3.5","310","Books","2012-11-26T00:00:00","Free"
"Airfix Model World","4","477","Books","2014-03-19T00:00:00","Free"
"Combat Aircraft Magazine","3.5","152","Books","2014-03-19T00:00:00","Free"
"Learn Principles of Management by GoLearningBus","2","324","Books","2013-02-09T00:00:00","Free"
"Grade 9 English by WAGmob","1","813","Books","2012-04-12T00:00:00","Free"
"AIR Modeller","5","460","Books","2014-06-03T00:00:00","Free"
"Britain at War","5","678","Books","2014-06-26T00:00:00","Free"
"Greek<>English Dictionary","3.5","549","Books","2014-07-30T00:00:00","Free"
"Malay<>English Dictionary","4","478","Books","2014-07-31T00:00:00","Free"
"T3","4","970","Books","2014-10-03T00:00:00","Free"
"Bible - osbo.com","5","757","Books","2018-01-15T00:00:00","Free"
"Great Expectations story","5","125","Books","2017-10-03T00:00:00","Free"
"Receptus","5","135","Books","2019-12-27T00:00:00","Free"
"Learn Pashto via Videos by GoLearningBus","4.5","893","Books","2018-01-30T00:00:00","Free"
"Learn Norwegian via Videos by GoLearningBus","2","198","Books","2018-01-30T00:00:00","Free"
"eAcademic","5","550","Books","2015-02-23T00:00:00","Free"
"Il Libro Horror","5","846","Books","2014-12-28T00:00:00","Free"
"Denver Dev Day","3.5","236","Books","2016-10-22T00:00:00","Free"
"Bible CE","3.5","806","Books","2016-10-31T00:00:00","Free"
"Dictutor EN-PT","4.5","153","Books","2016-03-27T00:00:00","Free"
"Majalah Car & Tuning Guide","1","478","Books","2018-01-30T00:00:00","Free"
"E-LIB","5","349","Books","2016-01-03T00:00:00","Free"
"Buqu Academic","5","138","Books","2018-01-30T00:00:00","Free"
"Csharp Corner","3.5","105","Books","2017-06-02T00:00:00","Free"
"GOGOFINDER EBOOK","4.5","516","Books","2016-01-09T00:00:00","Free"
"In Case of Crisis","5","441","Books","2016-05-31T00:00:00","Free"
"резистор","4.5","691","Books","2016-01-26T00:00:00","Free"
"A Verse for Today","3","238","Books","2016-02-24T00:00:00","Free"
"EngBuzz!","4.5","414","Books","2015-02-09T00:00:00","Free"
"Introduction to PMP via Videos by GoLearningBus","3","231","Books","2015-09-11T00:00:00","Free"
"Dresize","5","494","Books","2019-07-13T00:00:00","Free"
"The Formula Calculator","5","397","Books","2018-09-07T00:00:00","Free"
"Grimoire Reaper","4.5","212","Books","2016-10-12T00:00:00","Free"
"The Jewel of Seven Stars story","5","314","Books","2017-02-28T00:00:00","Free"
"The Yellow Wallpaper, by Charlotte Perkins Gilman","5","912","Books","2018-02-07T00:00:00","Free"
"Zoom Rooms","3","974","Business","2017-10-11T00:00:00","Free"
"Neat Office - Word, Excel, PDF, Powerpoint alternative","4.5","265","Business","2019-02-04T00:00:00","Free"
"Power BI Desktop","4","747","Business","2017-09-25T00:00:00","Free"
"PDF X: PDF Editor, PDF Reader, Annotate PDF","5","452","Business","2019-09-24T00:00:00","Free"
"Intel® Graphics Command Center","3.5","672","Business","2018-11-26T00:00:00","Free"
"Slack","3.5","691","Business","2014-09-25T00:00:00","Free"
"Citrix Workspace","2.5","589","Business","2012-08-11T00:00:00","Free"
"Trello","4","239","Business","2016-12-21T00:00:00","Free"
"PDF Reader Pro - Annotate, Edit, Convert, Fill Forms & Sign PDFs","4.5","965","Business","2019-08-01T00:00:00","Free"
"Explore Excel","3.5","767","Business","2016-10-08T00:00:00","Free"
"VMware Horizon Client","3","746","Business","2016-07-09T00:00:00","Free"
"HD Video Downloader For All - Free Video Downloader for Youtube","3","852","Business","2019-09-01T00:00:00","Free"
"AnyConnect","3.5","214","Business","2014-10-04T00:00:00","Free"
"Any Word to PDF: convert docx to pdf, doc to pdf for free","4.5","771","Business","2019-09-24T00:00:00","Free"
"Company Portal","3.5","106","Business","2012-12-17T00:00:00","Free"
"JUMPING VPN - Unlimited Free VPN & Fast Security VPN","2.5","752","Business","2019-09-08T00:00:00","Free"
"PDF Merger & Splitter: free pdf splitter to extract pdf and combine pdf","5","425","Business","2019-10-16T00:00:00","Free"
"Presentation pptx free","4","450","Business","2019-09-12T00:00:00","Free"
"Hotspot VPN - Best Free VPN & Unlimited Wifi Proxy","3","729","Business","2018-06-28T00:00:00","Free"
"Intel® Graphics Command Center","3.5","508","Business","2019-08-13T00:00:00","Free"
"Zoho Books - GST Accounting Software","4","877","Business","2014-04-29T00:00:00","Free"
"Earn extra income online: Learn to build online course with udemy","4.5","849","Business","2019-01-22T00:00:00","Free"
"Power BI","4","773","Business","2015-03-03T00:00:00","Free"
"GlobalProtect","2","792","Business","2016-12-09T00:00:00","Free"
"Free GST Invoice Generator","4.5","261","Business","2016-11-03T00:00:00","Free"
"SonicWALL Mobile Connect","3","735","Business","2014-01-03T00:00:00","Free"
"Explore Word","3.5","969","Business","2016-09-23T00:00:00","Free"
"Resume building guide! Best CV and Cover letter","4.5","785","Business","2019-09-04T00:00:00","Free"
"Miro: online collaborative whiteboard platform","3.5","414","Business","2017-08-12T00:00:00","Free"
"SafeNet MobilePASS","3.5","317","Business","2014-12-25T00:00:00","Free"
"call.center","4","717","Business","2017-04-27T00:00:00","Free"
"Freelancer Jobs - for Upwork","3","361","Business","2018-03-19T00:00:00","Free"
"Free Unlimited Proxy - Proxy Master for Telegram","3.5","151","Business","2018-12-18T00:00:00","Free"
"Microsoft Dynamics 365","3","783","Business","2016-05-24T00:00:00","Free"
"ClickCharts Diagram and Flowchart Software Free","3","880","Business","2018-05-14T00:00:00","Free"
"Project Plan 365","4","321","Business","2014-07-02T00:00:00","Free"
"Nextpad : Notepad, Text Editor for Windows 10","4","932","Business","2016-04-30T00:00:00","Free"
"Mediabyte Whiteboard","4","999","Business","2017-08-05T00:00:00","Free"
"ProjectViewer","3","425","Business","2013-11-23T00:00:00","Free"
"Zoho Invoice","4","989","Business","2014-09-07T00:00:00","Free"
"Numberbouk true number ID book نمبربوك","3.5","875","Business","2016-01-14T00:00:00","Free"
"Explore PowerPoint","4","732","Business","2016-11-18T00:00:00","Free"
"Free Professional Invoice, Estimate, Billing Maker App","3","266","Business","2020-01-21T00:00:00","Free"
"GST/VAT POS Billing Invoice App","3.5","325","Business","2018-04-19T00:00:00","Free"
"Sublime","3","486","Business","2013-05-06T00:00:00","Free"
"Splashtop Personal - Remote Desktop","4","164","Business","2013-05-03T00:00:00","Free"
"VMware AirWatch® Agent™","3.5","897","Business","2015-09-18T00:00:00","Free"
"Dell Remote Assist","5","223","Business","2019-03-14T00:00:00","Free"
"Twin Cities Chess Club","3.5","477","Business","2015-07-04T00:00:00","Free"
"Estimates & Invoice Maker","3.5","306","Business","2017-10-29T00:00:00","Free"
"BitPay for Windows","3.5","176","Business","2018-06-11T00:00:00","Free"
"Typing Practice Professional","5","389","Business","2020-01-06T00:00:00","Free"
"Zenkit","4","148","Business","2018-02-21T00:00:00","Free"
"CollaBoard","4","213","Business","2016-05-08T00:00:00","Free"
"Forbes Media","4.5","601","Business","2014-05-06T00:00:00","Free"
"Diagnostic Tool","2.5","152","Business","2017-03-01T00:00:00","Free"
"Invoice Master","3.5","662","Business","2016-06-25T00:00:00","Free"
"SumTotal Mobile","5","940","Business","2017-03-08T00:00:00","Free"
"Invoice - BizXpert","4.5","322","Business","2017-10-18T00:00:00","Free"
"Translate It","3","933","Business","2015-07-26T00:00:00","Free"
"Brother Information","2.5","141","Business","2016-10-17T00:00:00","Free"
"Salesforce Chatter","4.5","908","Business","2017-09-05T00:00:00","Free"
"Task Manager Free","4.5","954","Business","2013-01-15T00:00:00","Free"
"Invoice 360","3.5","545","Business","2012-09-11T00:00:00","Free"
"Dynamics AX 2012 Expenses","2.5","520","Business","2017-12-10T00:00:00","Free"
"Cliq","3","369","Business","2018-05-02T00:00:00","Free"
"Phone.com","2.5","529","Business","2018-10-10T00:00:00","Free"
"CamCard Win10","4","742","Business","2016-04-27T00:00:00","Free"
"Inventory sales and invoices","3.5","802","Business","2016-11-23T00:00:00","Free"
"MCX Market Tracker","4","486","Business","2018-07-02T00:00:00","Free"
"Stock Technical Analysis VIX RSI and more - Free 23 lesson Course","4.5","103","Business","2018-02-04T00:00:00","Free"
"MTC Widget Wall","3","322","Business","2014-09-01T00:00:00","Free"
"ShareFile","3.5","878","Business","2012-12-21T00:00:00","Free"
"MetaMoJi Note for Business Personal Edition","3","251","Business","2018-02-19T00:00:00","Free"
"EGGER Konstruktionskatalog","3.5","472","Business","2016-07-03T00:00:00","Free"
"Amway India Digital Tool Box","4.5","567","Business","2016-02-24T00:00:00","Free"
"MURAL for Windows","3","244","Business","2015-10-26T00:00:00","Free"
"Invoice Manager for Excel","5","482","Business","2020-03-15T00:00:00","Free"
"Moon Invoice - Easy Invoicing","4","434","Business","2014-04-23T00:00:00","Free"
"Hub for SharePoint","3","262","Business","2016-12-02T00:00:00","Free"
"People Connector Call Router & SMS","3.5","995","Business","2017-09-10T00:00:00","Free"
"Aranda Secure Web Browser","3","768","Business","2018-01-29T00:00:00","Free"
"Kite Books : Sales, Purchase, Invoice, Inventory, Accounts Manager for small business","3","993","Business","2017-01-12T00:00:00","Free"
"Eclipse Manager","4","757","Business","2014-04-09T00:00:00","Free"
"iFax - Send & Receive Faxes","3.5","822","Business","2017-10-16T00:00:00","Free"
"Harvest Time Tracker","2.5","132","Business","2017-11-27T00:00:00","Free"
"CamCard - Professional Business Card Reader","3.5","471","Business","2013-02-26T00:00:00","Free"
"Mailing eMail","4","544","Business","2017-09-03T00:00:00","Free"
"WebMoney Keeper [UWP]","3","303","Business","2018-05-07T00:00:00","Free"
"Penny Stocks - Stock Market Full Investing Course","4.5","105","Business","2018-08-27T00:00:00","Free"
"Dynamics NAV","4","325","Business","2014-10-07T00:00:00","Free"
"Day Trading Full Course","4.5","940","Business","2018-10-22T00:00:00","Free"
"Cloud Security Camera Viewer","3.5","492","Business","2014-11-13T00:00:00","Free"
"IcalledU","3.5","661","Business","2012-04-04T00:00:00","Free"
"SAP Cloud for Customer for Windows","3.5","756","Business","2015-07-27T00:00:00","Free"
"Field Service Mobile","3","733","Business","2018-08-17T00:00:00","Free"
"Charts 3D, a Microsoft Garage Project","3.5","129","Business","2018-01-06T00:00:00","Free"
"WiseFax","4.5","150","Business","2018-01-18T00:00:00","Free"
"IBM Aspera Connect for Edge","2","473","Business","2019-07-03T00:00:00","Free"
"Forex Investment Course","4.5","918","Business","2014-11-12T00:00:00","Free"
"Microsoft Dynamics 365 Business Central","3.5","328","Business","2016-03-16T00:00:00","Free"
"Tax and VAT Calculator","4.5","826","Business","2015-09-16T00:00:00","Free"
"InventoryOnCloud : Inventory Manager for Retailer","5","633","Business","2017-02-24T00:00:00","Free"
"Make Money: Work From Home Jobs & Small Business Entrepreneur & Gigs online - Full guide","5","618","Business","2019-10-31T00:00:00","Free"
"SAP Fiori Client","3.5","178","Business","2015-05-25T00:00:00","Free"
"Customer Keeper","3.5","289","Business","2013-05-29T00:00:00","Free"
"SAS Visual Analytics App","5","663","Business","2016-10-19T00:00:00","Free"
"Dynamics 365 for Finance and Operations - Warehousing","4","739","Business","2017-01-17T00:00:00","Free"
"Diligent Boards","4.5","303","Business","2014-02-04T00:00:00","Free"
"Stickies","2.5","628","Business","2012-09-24T00:00:00","Free"
"Microsoft Dynamics 365 for Windows 8.1","3.5","400","Business","2014-05-29T00:00:00","Free"
"Quantyl Discovery","4.5","240","Business","2018-11-10T00:00:00","Free"
"Oberlo Guide for Shopify Dropshipers","5","670","Business","2020-07-01T00:00:00","Free"
"VAT_Calculator","5","607","Business","2016-02-23T00:00:00","Free"
"SBX Invoice","4.5","840","Business","2018-11-10T00:00:00","Free"
"Business plan free course - write a business plan like a professional","4.5","276","Business","2019-05-30T00:00:00","Free"
"Saba Meeting Edge Connector","4","278","Business","2018-07-30T00:00:00","Free"
"Purchase Order Builder","2.5","704","Business","2018-09-07T00:00:00","Free"
"Microsoft Dynamics Time Management","4","993","Business","2015-03-06T00:00:00","Free"
"Drug Information Flash Cards","2.5","149","Business","2014-01-05T00:00:00","Free"
"Plato Desktop","1","345","Business","2019-09-12T00:00:00","Free"
"Microsoft Dynamics 365 Layout","5","153","Business","2018-05-24T00:00:00","Free"
"SRL Pool Phone App","1","574","Business","2013-11-17T00:00:00","Free"
"Mobile Solution - Dell Enterprise","4","496","Business","2014-12-17T00:00:00","Free"
"Label","2","984","Business","2016-10-26T00:00:00","Free"
"Oracle MWM","5","140","Business","2017-03-21T00:00:00","Free"
"Free Forex Signals","2.5","259","Business","2016-10-27T00:00:00","Free"
"BlackBerry UEM App Catalog","3","316","Business","2016-04-20T00:00:00","Free"
"ConnectWise Control","3","956","Business","2015-02-10T00:00:00","Free"
"SmartTE Terminal Emulation","5","938","Business","2017-11-17T00:00:00","Free"
"Chanty","5","761","Business","2020-05-25T00:00:00","Free"
"Vizzlo - Charts & Business Graphics","4.5","563","Business","2019-03-29T00:00:00","Free"
"PeoplePerHour Desktop","1","155","Business","2017-06-21T00:00:00","Free"
"neuCrypto Trader","5","952","Business","2020-02-19T00:00:00","Free"
"House3D","4","965","Business","2019-12-04T00:00:00","Free"
"Your app in the store","5","607","Business","2016-12-18T00:00:00","Free"
"OptCut Free","4","453","Business","2017-03-22T00:00:00","Free"
"PDF Studio 2019 Viewer","4","880","Business","2019-06-08T00:00:00","Free"
"SEOquake","3","310","Business","2019-11-26T00:00:00","Free"
"IPT Point Of Sale","4","610","Business","2017-09-09T00:00:00","Free"
"Bajaj My Apps","5","235","Business","2018-01-30T00:00:00","Free"
"Network Accelerator - Free Overspeed Safety and Stability","4.5","589","Business","2020-07-01T00:00:00","Free"
"SBD General Ledger","5","314","Business","2019-05-02T00:00:00","Free"
"Express Invoice Free","1","780","Business","2018-06-18T00:00:00","Free"
"MetaMoJi Share for Business Ver.3","3","126","Business","2015-03-08T00:00:00","Free"
"Resco Mobile CRM","3.5","685","Business","2012-11-15T00:00:00","Free"
"Percentage Calculator","3.5","394","Business","2012-10-24T00:00:00","Free"
"Moneta - Invoice & Accounting","1.5","979","Business","2018-05-16T00:00:00","Free"
"Bitcoin miner Guide - How to start mining bitcoins","4.5","155","Business","2018-12-09T00:00:00","Free"
"Catalog maker ©","3.5","459","Business","2017-02-17T00:00:00","Free"
"Microsoft Dynamics 365 Import Tool","3","523","Business","2018-05-24T00:00:00","Free"
"Quicksale Free","4.5","807","Business","2015-03-18T00:00:00","Free"
"Password Holder","4","559","Business","2015-08-03T00:00:00","Free"
"My Attendance GIRITON","3","833","Business","2015-02-07T00:00:00","Free"
"MadMonkey","3.5","399","Business","2015-05-05T00:00:00","Free"
"LogScope","4.5","639","Business","2015-05-22T00:00:00","Free"
"Binary Option Signals","4","978","Business","2016-02-11T00:00:00","Free"
"Password Reset","3.5","494","Business","2016-06-08T00:00:00","Free"
"New India Customer","5","316","Business","2017-10-13T00:00:00","Free"
"دیوار ویندوز 10","3.5","142","Business","2016-03-05T00:00:00","Free"
"Adobe Experience Manager Forms","3.5","911","Business","2017-04-27T00:00:00","Free"
"USTER® STATISTICS 2018","2.5","136","Business","2018-02-13T00:00:00","Free"
"TouchCast Pitch","3","404","Business","2017-11-12T00:00:00","Free"
"Compositeur Digital UX","4","253","Business","2017-03-24T00:00:00","Free"
"Engineering Tools for Desktop","3","920","Business","2019-08-01T00:00:00","Free"
"Intel® Watchdog Timer Utility","2.5","446","Business","2019-09-19T00:00:00","Free"
"Dropshipping full course: dropship online business with amazon, ebay and shopify","4.5","911","Business","2019-05-21T00:00:00","Free"
"Cash flow - Passive income guide Earn money online","4","440","Business","2018-11-21T00:00:00","Free"
"ManageEngine MDM","4","982","Business","2015-06-16T00:00:00","Free"
"XenApp Manager","3.5","744","Business","2012-12-15T00:00:00","Free"
"Apps@Work","2.5","310","Business","2013-09-12T00:00:00","Free"
"JT2Go","3.5","958","Business","2013-01-06T00:00:00","Free"
"Web Design and Development by Canada Web Developer","3.5","793","Business","2014-10-06T00:00:00","Free"
"MGA Accessorizer","4","609","Business","2014-09-17T00:00:00","Free"
"HERE MY LOCATION","4","665","Business","2018-01-26T00:00:00","Free"
"Wage & Salary Calculator","3.5","846","Business","2012-12-27T00:00:00","Free"
"DX1 Quickbooks for Windows 10","2.5","965","Business","2017-01-30T00:00:00","Free"
"Sapho","2.5","720","Business","2018-09-08T00:00:00","Free"
"Manta Sales App","4","676","Business","2015-08-18T00:00:00","Free"
"BoardPAC","5","403","Business","2015-08-21T00:00:00","Free"
"Smarty CRM: remote work and messenger","3","308","Business","2015-09-06T00:00:00","Free"
"Crazy Gadgets","1","661","Business","2015-08-06T00:00:00","Free"
"Content Locker","3","547","Business","2016-07-15T00:00:00","Free"
"NChart3D","3","112","Business","2016-08-29T00:00:00","Free"
"Client Center for Configuration Manager","4.5","478","Business","2016-09-22T00:00:00","Free"
"team.biz","4","654","Business","2016-12-10T00:00:00","Free"
"Remote Network Connection","3","615","Business","2016-05-01T00:00:00","Free"
"Company Financials","4.5","628","Business","2018-01-19T00:00:00","Free"
"SIP Trunk Call Manager","3","614","Business","2015-10-12T00:00:00","Free"
"Nozbe","4.5","172","Business","2017-05-17T00:00:00","Free"
"Fuze","4","125","Business","2017-07-08T00:00:00","Free"
"Stock Market History","5","793","Business","2019-03-22T00:00:00","Free"
"Tata Steel Right to Work","1","438","Business","2018-02-26T00:00:00","Free"
"eCommission SmartX Controllers","4.5","333","Business","2018-04-06T00:00:00","Free"
"ExponamExplorer","4","139","Business","2018-08-16T00:00:00","Free"
"Send fax with WiseFax","4","230","Business","2018-08-06T00:00:00","Free"
"alltime - App on Microsoft Store","5","663","Business","2019-09-01T00:00:00","Free"
"ProPix Photo & Video","3.5","320","Business","2013-02-09T00:00:00","Free"
"Break Timer","2.5","582","Business","2014-11-28T00:00:00","Free"
"Numerology Calculator","3","534","Business","2014-08-30T00:00:00","Free"
"Real Estate Agent Assistant","3","669","Business","2014-01-30T00:00:00","Free"
"STOCK EXCHANGES","2.5","444","Business","2012-11-13T00:00:00","Free"
"MetaMoJi Note for Business Ver.3","3","211","Business","2018-02-16T00:00:00","Free"
"HP Anywhere","4","263","Business","2014-01-01T00:00:00","Free"
"Microsoft Dynamics Business Analyzer","3.5","676","Business","2013-01-18T00:00:00","Free"
"Osprey Approach Cheque Requisition","5","738","Business","2020-10-03T00:00:00","Free"
"Home Flip Course - A step by step house flipping guide","4","723","Business","2018-07-24T00:00:00","Free"
"chart reports","1","702","Business","2018-08-11T00:00:00","Free"
"Organization Map","5","741","Business","2017-05-09T00:00:00","Free"
"Office Document Manager","4","850","Business","2018-03-14T00:00:00","Free"
"CiplaConnect","3","866","Business","2017-10-16T00:00:00","Free"
"Payroll Time Entry","4","636","Business","2015-01-13T00:00:00","Free"
"Sprinklr","4","217","Business","2013-09-20T00:00:00","Free"
"FirstClass GO","1.5","756","Business","2014-10-24T00:00:00","Free"
"Egnyte","3.5","715","Business","2012-05-03T00:00:00","Free"
"Microsoft DistiScoop","4.5","638","Business","2015-09-11T00:00:00","Free"
"ORACLE LATISTA Field Management","4","920","Business","2015-08-20T00:00:00","Free"
"Laserfiche","4","575","Business","2015-08-19T00:00:00","Free"
"Time Matrices","5","134","Business","2015-04-17T00:00:00","Free"
"Intraday investor course","3.5","860","Business","2015-04-27T00:00:00","Free"
"CudaLaunch","3.5","583","Business","2016-12-23T00:00:00","Free"
"BulkEmail","5","113","Business","2017-11-21T00:00:00","Free"
"Vortex Silver","1","512","Business","2016-10-19T00:00:00","Free"
"Board Intel","5","310","Business","2016-06-27T00:00:00","Free"
"RentHQ","2","375","Business","2016-06-20T00:00:00","Free"
"Fieldwire","3.5","277","Business","2016-03-29T00:00:00","Free"
"Commercial Market Outlook","5","731","Business","2016-09-23T00:00:00","Free"
"SAP Authenticator","4","695","Business","2016-11-07T00:00:00","Free"
"New India Agent","4.5","739","Business","2017-10-13T00:00:00","Free"
"MobileDemand Barcode Generator","4","302","Business","2016-05-17T00:00:00","Free"
"Nexticy","4","569","Business","2016-02-17T00:00:00","Free"
"Stormboard","4","939","Business","2015-04-11T00:00:00","Free"
"XOGO Manager Digital Signage","3.5","688","Business","2017-03-01T00:00:00","Free"
"StarCode POS & Inventory Manager","3.5","382","Business","2019-07-19T00:00:00","Free"
"eSCRIBE Meetings Professional","4","274","Business","2018-02-20T00:00:00","Free"
"Expiration Reminder","1","739","Business","2019-01-18T00:00:00","Free"
"SMMT QMD E-BOOK Reader","5","816","Business","2018-11-13T00:00:00","Free"
"Customer Verbatim","3.5","891","Business","2019-01-28T00:00:00","Free"
"POS | SmartCafe Standard - POS system","5","509","Business","2018-04-07T00:00:00","Free"
"OpenTimeClock2008","4","728","Business","2017-11-24T00:00:00","Free"
"Web Design Master","1.5","298","Business","2017-02-20T00:00:00","Free"
"Digital Business Card","5","135","Business","2017-07-09T00:00:00","Free"
"Lechler MAPP","5","104","Business","2015-07-27T00:00:00","Free"
"PIMphony Touch","3.5","236","Business","2015-05-29T00:00:00","Free"
"AvePoint Timeline for Microsoft® Dynamics CRM","4.5","615","Business","2013-06-03T00:00:00","Free"
"Simple In/Out","3","413","Business","2013-01-06T00:00:00","Free"
"Retail Engagement Program","3.5","569","Business","2014-05-02T00:00:00","Free"
"Rental Manager Plus","2.5","595","Business","2013-04-01T00:00:00","Free"
"XPT  viewer","3","357","Business","2014-05-19T00:00:00","Free"
"Diary365","3.5","225","Business","2014-02-17T00:00:00","Free"
"Work Tasks","4","945","Business","2013-04-22T00:00:00","Free"
"XING","4","268","Business","2014-06-30T00:00:00","Free"
"Stimulsoft Designer","4","966","Business","2013-01-28T00:00:00","Free"
"HP DesignJet Virtual Demo","3.5","769","Business","2018-07-20T00:00:00","Free"
"FieldMAP","5","860","Business","2018-07-19T00:00:00","Free"
"Markets100","2.5","558","Business","2017-06-29T00:00:00","Free"
"Honeywell Movilizer Pro","3","512","Business","2017-12-22T00:00:00","Free"
"IMS2017","4","810","Business","2017-03-05T00:00:00","Free"
"Vireo Software","5","442","Business","2020-06-01T00:00:00","Free"
"OPC UA Simulation Server","5","538","Business","2018-09-11T00:00:00","Free"
"Copay for Windows","4","704","Business","2018-06-11T00:00:00","Free"
"Deon","5","110","Business","2017-12-05T00:00:00","Free"
"Kerala IT","5","130","Business","2018-03-22T00:00:00","Free"
"HealthSight","5","624","Business","2018-11-15T00:00:00","Free"
"Beacon Advertiser","5","224","Business","2017-02-28T00:00:00","Free"
"KERN Easy Touch","5","710","Business","2019-04-09T00:00:00","Free"
"SattaMatka","5","692","Business","2019-04-06T00:00:00","Free"
"GoReefers Windows App","1","957","Business","2017-02-22T00:00:00","Free"
"Power Measures Manager","5","265","Business","2019-05-09T00:00:00","Free"
"BoardPacks for Windows 10","2","756","Business","2016-12-30T00:00:00","Free"
"Spot Size Calculator","5","661","Business","2018-05-03T00:00:00","Free"
"Moto Scanner","2.5","185","Business","2017-03-13T00:00:00","Free"
"NRJ Global","1","527","Business","2017-11-12T00:00:00","Free"
"Pinewood Pay+","5","480","Business","2017-08-08T00:00:00","Free"
"ArcelorMittal Europe industry Steel Advisor","5","464","Business","2017-01-30T00:00:00","Free"
"Microsoft Ignite","2.5","207","Business","2015-04-24T00:00:00","Free"
"Surface Pro 3 Evaluation Survey - Europe","4.5","563","Business","2015-03-30T00:00:00","Free"
"SAP Roambi Analytics","4.5","416","Business","2015-02-25T00:00:00","Free"
"Ally Mobile","4","327","Business","2014-05-02T00:00:00","Free"
"Currency Calculator","3.5","358","Business","2013-03-09T00:00:00","Free"
"Maruti True Value","4","185","Business","2015-01-21T00:00:00","Free"
"Project Management Drawn Out","3.5","506","Business","2014-12-29T00:00:00","Free"
"3SI Field Service","4","691","Business","2015-06-01T00:00:00","Free"
"Door Tablet","4","438","Business","2015-07-31T00:00:00","Free"
"eMobilePOS","3.5","981","Business","2015-07-22T00:00:00","Free"
"gisagri","3","800","Business","2015-04-09T00:00:00","Free"
"SH HelpDesk","4","814","Business","2015-10-08T00:00:00","Free"
"Female Smart Gym","5","638","Business","2018-01-30T00:00:00","Free"
"ProContractor Mobile","2.5","122","Business","2015-07-26T00:00:00","Free"
"AppVantages Scanner","3","149","Business","2015-06-23T00:00:00","Free"
"ActivID® Token","3.5","254","Business","2015-04-29T00:00:00","Free"
"365Agile Mobile App","3.5","826","Business","2016-11-15T00:00:00","Free"
"Castleton Mobile App","3.5","699","Business","2016-11-15T00:00:00","Free"
"Jot ERP","5","984","Business","2016-09-11T00:00:00","Free"
"YUZU Touch","1","353","Business","2016-10-19T00:00:00","Free"
"InfoHub","5","391","Business","2016-10-27T00:00:00","Free"
"Meetings Plus by Formpipe","3","364","Business","2016-10-11T00:00:00","Free"
"Forex Pivot Points","5","374","Business","2016-03-11T00:00:00","Free"
"i-bank pass","3","674","Business","2017-06-06T00:00:00","Free"
"Yoobi","5","398","Business","2016-02-05T00:00:00","Free"
"Black Scholes Calculator","5","983","Business","2016-02-27T00:00:00","Free"
"SefrinTec Recovery-Manager","3.5","364","Business","2016-04-15T00:00:00","Free"
"iLobby","4","912","Business","2016-10-13T00:00:00","Free"
"Mimeo Digital","5","852","Business","2016-09-09T00:00:00","Free"
"Dashboard Rotator","2","448","Business","2016-07-25T00:00:00","Free"
"WDMS","3.5","192","Business","2016-10-07T00:00:00","Free"
"Topcon","5","959","Business","2016-08-29T00:00:00","Free"
"Beverage Analytics","5","178","Business","2016-05-28T00:00:00","Free"
"DanaosOne","5","399","Business","2016-05-17T00:00:00","Free"
"jural","5","311","Business","2016-05-06T00:00:00","Free"
"Field Service Mobile","4","492","Business","2016-04-11T00:00:00","Free"
"Smart.1","4.5","658","Business","2016-07-09T00:00:00","Free"
"Atlas Insights","5","252","Business","2016-03-10T00:00:00","Free"
"Gunnebo Digital Signage","1","486","Business","2017-10-15T00:00:00","Free"
"Contoso Field Service Thermostat Demo","5","771","Business","2016-09-27T00:00:00","Free"
"HARMAN Education Solutions","2.5","129","Business","2016-01-28T00:00:00","Free"
"ProntoForms for Windows 10","3","593","Business","2016-02-17T00:00:00","Free"
"Procore","3.5","417","Business","2016-02-21T00:00:00","Free"
"myEvents+","2.5","466","Business","2016-05-03T00:00:00","Free"
"Microsoft Envision","2.5","512","Business","2016-03-16T00:00:00","Free"
"NOVAmobile","5","510","Business","2016-05-09T00:00:00","Free"
"OneList Approvals","5","624","Business","2016-06-15T00:00:00","Free"
"KPIWorX","5","556","Business","2015-10-27T00:00:00","Free"
"APE Mobile","5","859","Business","2016-05-26T00:00:00","Free"
"FINALCAD","3","289","Business","2015-10-28T00:00:00","Free"
"Exact CRM","3.5","110","Business","2016-01-03T00:00:00","Free"
"BioDataTrackV4","5","813","Business","2016-02-02T00:00:00","Free"
"Hitask: Team Task Management","4.5","275","Business","2018-07-31T00:00:00","Free"
"Toolbox Mobile Library","5","861","Business","2018-07-03T00:00:00","Free"
"LinkEdge POS","1","705","Business","2019-09-04T00:00:00","Free"
"RFPM Converter","4","681","Business","2018-12-06T00:00:00","Free"
"ABB Connect","4.5","249","Business","2017-03-01T00:00:00","Free"
"CAS PIA","4","240","Business","2017-11-20T00:00:00","Free"
"Honeywell Movilizer Demo","4","526","Business","2017-12-15T00:00:00","Free"
"Intel® Retail Experience Tool","3","336","Business","2019-04-10T00:00:00","Free"
"BIM Explorer","5","980","Business","2018-05-10T00:00:00","Free"
"Inventory and Business Analytics","2.5","337","Business","2018-02-28T00:00:00","Free"
"OneSync365","5","689","Business","2020-02-19T00:00:00","Free"
"Team Time","4","410","Business","2018-09-18T00:00:00","Free"
"Horizon DocX to PDF Converter","1","878","Business","2018-10-26T00:00:00","Free"
"Free Salon Point of Sale","5","841","Business","2018-11-22T00:00:00","Free"
"Silo - Helpful Startup Communities","5","750","Business","2017-02-22T00:00:00","Free"
"Innovation Pipeline","3","525","Business","2020-07-05T00:00:00","Free"
"AgroPilot","5","631","Business","2017-08-04T00:00:00","Free"
"Block Chain - Bitcoin Course","4.5","331","Business","2018-07-25T00:00:00","Free"
"Evaluate","4","113","Business","2018-08-04T00:00:00","Free"
"Art of Work by Microsoft","2.5","235","Business","2018-09-18T00:00:00","Free"
"Distributor Tork Snapshot","2.5","600","Business","2017-04-25T00:00:00","Free"
"BedBooking: Booking Calendar & Reservation System","5","484","Business","2020-04-27T00:00:00","Free"
"Grape Messenger","2","784","Business","2020-12-05T00:00:00","Free"
